point,belt1,belt2,belt3,belt4,belt5,belt6,belt7,belt8,belt9,belt10,belt11,belt12
1,-19,-24,-18,-13,-9,-2,-3,-3,-10,-10,-14,-30
2,-15,-14,-15,-9,-11,-6,-9,-6,-7,3,-4,-2
3,-12,-13,-9,-9,-7,-6,-8,-7,-9,-2,-6,2
4,12,5,4,6,2,6,1,-1,2,-2,-3,-8
5,25,11,9,-1,-8,-13,-18,-22,-32,-38,-44,-50
6,24,25,22,20,19,15,8,1,-15,-25,-38,-54
7,42,43,47,47,49,53,48,38,33,29,18,14
8,36,39,42,43,43,55,52,49,54,59,54,61
9,24,17,13,11,9,11,9,3,3,7,9,1
10,-3,-6,-5,-11,-14,-16,-18,-20,-22,-22,-21,-25
11,-9,-12,-15,-11,-11,-8,-2,-2,-12,-23,-27,-20
12,-5,-14,-22,-22,-23,-21,-19,-22,-20,-20,-1,-6
13,-8,-9,-5,-3,-1,3,2,5,6,11,-1,-10
14,-22,-27,-31,-28,-25,-21,-16,-12,-14,-10,-8,7
15,-28,-29,-30,-32,-35,-32,-29,-24,-19,-19,-24,-26
16,-27,-26,-25,-27,-27,-25,-25,-25,-32,-29,-33,-41
