analysis,mode,k
Eigenvalue Buckling,1,11.6159
Eigenvalue Buckling,2,11.6193
Eigenvalue Buckling,3,13.1896
Eigenvalue Buckling,4,13.2515
Eigenvalue Buckling,5,13.5982
Eigenvalue Buckling,6,13.6261
Eigenvalue Buckling,7,14.1235
Eigenvalue Buckling,8,14.1432
Eigenvalue Buckling,9,14.6466
Eigenvalue Buckling,10,14.6628
Eigenvalue Buckling 2,1,10.9039
Eigenvalue Buckling 2,2,10.9945
Eigenvalue Buckling 2,3,12.3713
Eigenvalue Buckling 2,4,12.4079
Eigenvalue Buckling 2,5,13.3324
Eigenvalue Buckling 2,6,13.3432
Eigenvalue Buckling 2,7,13.6269
Eigenvalue Buckling 2,8,13.7385
Eigenvalue Buckling 2,9,14.9266
Eigenvalue Buckling 2,10,15.0549